epoch,metrics/precision,metrics/recall,metrics/mAP_0.5,metrics/mAP_0.5:0.95
79,0.8937032397494167,0.8031283744690783,0.8960582222954828,0.774948058558871
