epoch,metrics/precision,metrics/recall,metrics/mAP_0.5,metrics/mAP_0.5:0.95
79,0.8544404656875745,0.933699426273586,0.967135906055766,0.8152999985560981
