epoch,metrics/precision,metrics/recall,metrics/mAP_0.5,metrics/mAP_0.5:0.95
79,0.9133073201327695,0.9474770385433982,0.9707521624683612,0.8195624788245448
