epoch,metrics/precision,metrics/recall,metrics/mAP_0.5,metrics/mAP_0.5:0.95
79,0.8706244873568842,0.9462911996932555,0.9717719045662851,0.8037800461802372
