epoch,metrics/precision,metrics/recall,metrics/mAP_0.5,metrics/mAP_0.5:0.95
79,0.8571749777351393,0.8119368008515194,0.8913070347101786,0.7626698951691452
