epoch,metrics/precision,metrics/recall,metrics/mAP_0.5,metrics/mAP_0.5:0.95
79,0.8925378846080774,0.948531694694422,0.9754086928088384,0.8281159304598822
