epoch,metrics/precision,metrics/recall,metrics/mAP_0.5,metrics/mAP_0.5:0.95
79,0.9136327169914538,0.9491391772450012,0.9707982769231442,0.8265124005635797
