epoch,metrics/precision,metrics/recall,metrics/mAP_0.5,metrics/mAP_0.5:0.95
79,0.891729360245485,0.943885530465763,0.9664493038383425,0.7994528610707686
