epoch,metrics/precision,metrics/recall,metrics/mAP_0.5,metrics/mAP_0.5:0.95
79,0.8803677560901999,0.9469115122221347,0.9719174551839951,0.8276238344812293
