epoch,metrics/precision,metrics/recall,metrics/mAP_0.5,metrics/mAP_0.5:0.95
79,0.8896524070143325,0.8170975600916379,0.8979242620623514,0.779169174346381
