epoch,metrics/precision,metrics/recall,metrics/mAP_0.5,metrics/mAP_0.5:0.95
79,0.883359160020587,0.8319135044861644,0.9050073131714209,0.7882778222126213
