epoch,metrics/precision,metrics/recall,metrics/mAP_0.5,metrics/mAP_0.5:0.95
79,0.9508574678892912,0.9083471845091481,0.9755141812397461,0.808615570648249
