epoch,metrics/precision,metrics/recall,metrics/mAP_0.5,metrics/mAP_0.5:0.95
79,0.8852041904579014,0.7930401527716998,0.8903885164625684,0.7626992765381356
