epoch,metrics/precision,metrics/recall,metrics/mAP_0.5,metrics/mAP_0.5:0.95
79,0.9187598161681028,0.9549614449004871,0.9740131667619825,0.809660342224775
