epoch,metrics/precision,metrics/recall,metrics/mAP_0.5,metrics/mAP_0.5:0.95
79,0.863363355781796,0.945962084040833,0.9715255827965453,0.8249480434647148
