epoch,metrics/precision,metrics/recall,metrics/mAP_0.5,metrics/mAP_0.5:0.95
79,0.9151244623663407,0.8173453389857847,0.9050956426485306,0.7948227137096603
