epoch,metrics/precision,metrics/recall,metrics/mAP_0.5,metrics/mAP_0.5:0.95
79,0.9391789055021393,0.9157663534269911,0.9750088241683628,0.8312919645483661
