epoch,metrics/precision,metrics/recall,metrics/mAP_0.5,metrics/mAP_0.5:0.95
79,0.9210691372901918,0.9493919232060939,0.9711343165660253,0.8086488029979364
