epoch,metrics/precision,metrics/recall,metrics/mAP_0.5,metrics/mAP_0.5:0.95
79,0.8816317719441166,0.9229318953589442,0.9739301729889667,0.824575717371441
