epoch,metrics/precision,metrics/recall,metrics/mAP_0.5,metrics/mAP_0.5:0.95
79,0.8966286627064279,0.8348154014971257,0.9089369983167186,0.7916537570825976
