               epoch,      train/box_loss,      train/obj_loss,      train/cls_loss,   metrics/precision,      metrics/recall,     metrics/mAP_0.5,metrics/mAP_0.5:0.95,        val/box_loss,        val/obj_loss,        val/cls_loss,               x/lr0,               x/lr1,               x/lr2
                   0,            0.078806,             0.06232,            0.067139,           0.0044103,              0.2576,           0.0049054,           0.0012158,            0.060229,            0.034916,            0.056066,           0.0033314,           0.0033314,            0.070017
                   0,            0.079056,            0.062161,            0.067116,           0.0028338,            0.073591,           0.0028014,          0.00055924,            0.063638,            0.033663,            0.056552,           0.0033314,           0.0033314,            0.070017
