epoch,metrics/precision,metrics/recall,metrics/mAP_0.5,metrics/mAP_0.5:0.95
79,0.9106221519091452,0.9392729871062553,0.9719760409239058,0.8229244651301838
