epoch,metrics/precision,metrics/recall,metrics/mAP_0.5,metrics/mAP_0.5:0.95
79,0.8864811787315185,0.8293343488904519,0.8987787274274682,0.7905289961180135
