epoch,metrics/precision,metrics/recall,metrics/mAP_0.5,metrics/mAP_0.5:0.95
79,0.9244246998871862,0.926280854497253,0.975654270002809,0.8097980840817374
