epoch,metrics/precision,metrics/recall,metrics/mAP_0.5,metrics/mAP_0.5:0.95
79,0.8915720511192722,0.8311878513316633,0.8954233222666494,0.785333718229003
