epoch,metrics/precision,metrics/recall,metrics/mAP_0.5,metrics/mAP_0.5:0.95
79,0.9227266617903045,0.9504928118076613,0.9711081566793718,0.8229964145954881
