epoch,metrics/precision,metrics/recall,metrics/mAP_0.5,metrics/mAP_0.5:0.95
79,0.9023981261551142,0.8109583674513186,0.8972798996330709,0.7800495888740048
